goals,shots,xG,time,position,h_team,a_team,h_goals,a_goals,date,id,season,roster_id,xA,assists,key_passes,npg,npxG,xGChain,xGBuildup
0,0,0,13,Sub,Chelsea,West Bromwich Albion,2,5,2021-04-03,14727,2020,459182,0,0,0,0,0,0,0
0,0,0,7,Sub,West Bromwich Albion,Brighton,1,0,2021-02-27,14692,2020,452267,0,0,0,0,0,0,0
0,0,0,68,DC,West Bromwich Albion,Arsenal,0,4,2021-01-02,14600,2020,439281,0,0,0,0,0,0,0
0,0,0,42,Sub,West Bromwich Albion,Leeds,0,5,2020-12-29,14590,2020,438470,0,0,0,0,0,0,0
0,0,0,1,Sub,Liverpool,West Bromwich Albion,1,1,2020-12-27,14580,2020,438292,0,0,0,0,0,0,0
0,0,0,10,Sub,West Bromwich Albion,Aston Villa,0,3,2020-12-20,14574,2020,436975,0,0,0,0,0,0,0
0,0,0,90,DC,Newcastle United,West Bromwich Albion,2,1,2020-12-12,14550,2020,433037,0,0,0,0,0,0.045561499893665314,0.045561499893665314
0,0,0,90,DC,West Bromwich Albion,Crystal Palace,1,5,2020-12-06,14543,2020,431721,0,0,0,0,0,0.01853409968316555,0.01853409968316555
0,0,0,90,DC,West Bromwich Albion,Sheffield United,1,0,2020-11-28,14527,2020,429938,0,0,0,0,0,0.03076530061662197,0.03076530061662197
0,1,0.09838250279426575,80,DC,Manchester United,West Bromwich Albion,1,0,2020-11-21,14520,2020,428281,0,0,0,0,0.09838250279426575,0,0
0,0,0,90,DC,Fulham,West Bromwich Albion,2,0,2020-11-02,14497,2020,425644,0.048929501324892044,0,1,0,0,0.048929501324892044,0.048929501324892044
0,0,0,90,DC,Brighton,West Bromwich Albion,1,1,2020-10-26,14487,2020,423974,0,0,0,0,0,0.02137880027294159,0.02137880027294159
0,3,0.36108800768852234,90,DC,West Bromwich Albion,Burnley,0,0,2020-10-19,14484,2020,422347,0,0,0,0,0.36108800768852234,0.1840279996395111,0.1840279996395111
0,0,0,90,DC,FC Krasnodar,Zenit St. Petersburg,2,4,2020-07-05,11224,2019,405802,0,0,0,0,0,0,0
0,1,0.035016901791095734,90,DC,FC Tambov,Zenit St. Petersburg,1,2,2020-07-01,11216,2019,404270,0,0,0,0,0.035016901791095734,0.011565599590539932,0.011565599590539932
0,2,0.1398860067129135,90,DC,Zenit St. Petersburg,Krylya Sovetov Samara,2,1,2020-06-26,11207,2019,402816,0.022544000297784805,0,1,0,0.1398860067129135,0.11576200276613235,0.11576200276613235
1,2,0.08011370152235031,90,DC,CSKA Moscow,Zenit St. Petersburg,0,4,2020-06-20,11200,2019,401348,0,0,0,1,0.08011370152235031,0.11439300328493118,0.11439300328493118
0,1,0.01351619977504015,90,DC,Zenit St. Petersburg,Ural,7,1,2020-03-14,11191,2019,397855,0.06039069965481758,0,2,0,0.01351619977504015,0.07295030355453491,0.05034530162811279
0,2,0.04982300102710724,90,DC,Zenit St. Petersburg,Lokomotiv Moscow,0,0,2020-02-29,11175,2019,395775,0,0,0,0,0.04982300102710724,0.13118399679660797,0.12125399708747864
1,1,0.015970200300216675,62,DC,Zenit St. Petersburg,Dinamo Moscow,3,0,2019-12-06,11172,2019,367886,0,0,0,1,0.015970200300216675,0.3952859938144684,0.3952859938144684
0,0,0,90,DC,Zenit St. Petersburg,Spartak Moscow,1,0,2019-12-01,11165,2019,367004,0,0,0,0,0,0.10811299830675125,0.10811299830675125
0,0,0,90,DC,Rubin Kazan,Zenit St. Petersburg,1,2,2019-11-23,11155,2019,364394,0,0,0,0,0,0.1413470059633255,0.1413470059633255
0,2,0.9472519755363464,90,DC,Arsenal Tula,Zenit St. Petersburg,0,1,2019-11-10,11146,2019,363587,0,0,0,0,0.9472519755363464,0,0
0,4,0.1485220044851303,90,DC,Zenit St. Petersburg,CSKA Moscow,1,1,2019-11-02,11138,2019,361666,0.06291860342025757,0,2,0,0.1485220044851303,0.5182520151138306,0.3612239956855774
0,2,0.03155690059065819,90,DC,Krylya Sovetov Samara,Zenit St. Petersburg,0,2,2019-10-27,11133,2019,359878,0.09518100321292877,0,1,0,0.03155690059065819,0.10834000259637833,0.013159199617803097
0,1,0.017880799248814583,90,DC,Zenit St. Petersburg,FC Rostov,6,1,2019-10-19,11125,2019,357975,0,0,0,0,0.017880799248814583,0.14962400496006012,0.14962400496006012
1,1,0.7120779752731323,90,DC,Ural,Zenit St. Petersburg,1,3,2019-10-06,11114,2019,356680,0,0,0,1,0.7120779752731323,0.1383039951324463,0.1383039951324463
0,0,0,90,DC,Lokomotiv Moscow,Zenit St. Petersburg,1,0,2019-09-28,11110,2019,354845,0,0,0,0,0,0,0
1,1,0.28730499744415283,90,DC,Zenit St. Petersburg,Rubin Kazan,5,0,2019-09-21,11102,2019,352382,0,0,0,1,0.28730499744415283,0.11676699668169022,0.11676699668169022
0,0,0,90,DC,Zenit St. Petersburg,Arsenal Tula,3,1,2019-09-13,11090,2019,348568,0,0,0,0,0,0,0
0,1,0.010562100447714329,90,DC,Spartak Moscow,Zenit St. Petersburg,0,1,2019-09-01,11086,2019,348136,0,0,0,0,0.010562100447714329,0,0
0,0,0,90,DC,FC Ufa,Zenit St. Petersburg,1,0,2019-08-24,11072,2019,343996,0,0,0,0,0,0.135576993227005,0.135576993227005
0,1,0.013533299788832664,90,DC,Zenit St. Petersburg,FK Akhmat,0,0,2019-08-17,11066,2019,340348,0,0,0,0,0.013533299788832664,1.0322799682617188,1.0322799682617188
0,1,0.02384289912879467,90,DC,Dinamo Moscow,Zenit St. Petersburg,0,2,2019-08-10,11057,2019,339311,0,0,0,0,0.02384289912879467,0.05456079915165901,0.05456079915165901
0,0,0,90,DC,Zenit St. Petersburg,FC Krasnodar,1,1,2019-08-03,11050,2019,338913,0,0,0,0,0,0.48390400409698486,0.48390400409698486
0,1,0.03395859897136688,90,DC,FC Orenburg,Zenit St. Petersburg,0,2,2019-07-28,11043,2019,338738,0.023187899962067604,0,1,0,0.03395859897136688,0.15968100726604462,0.1364929974079132
0,1,0.01286850031465292,90,DC,PFC Sochi,Zenit St. Petersburg,0,2,2019-07-21,11038,2019,338598,0,0,0,0,0.01286850031465292,0.0402337983250618,0.0402337983250618
0,1,0.07675310224294662,90,DC,Zenit St. Petersburg,FC Tambov,2,1,2019-07-14,11028,2019,338308,0,0,0,0,0.07675310224294662,0.021539000794291496,0.021539000794291496
0,0,0,90,DC,Zenit St. Petersburg,CSKA Moscow,3,1,2019-05-12,9168,2018,333148,0,0,0,0,0,0,0
0,0,0,90,DC,FK Akhmat,Zenit St. Petersburg,1,1,2019-05-04,9160,2018,330080,0,0,0,0,0,0.16664600372314453,0.16664600372314453
0,0,0,90,DC,Zenit St. Petersburg,Krylya Sovetov Samara,4,2,2019-04-28,9145,2018,329656,0,0,0,0,0,0,0
0,1,0.025812000036239624,90,DC,Zenit St. Petersburg,Dinamo Moscow,2,0,2019-04-24,9142,2018,327798,0,0,0,0,0.025812000036239624,0.031996600329875946,0.031996600329875946
0,0,0,90,DC,FC Krasnodar,Zenit St. Petersburg,2,3,2019-04-20,9136,2018,327101,0,0,0,0,0,0.12985099852085114,0.12985099852085114
1,3,0.46999800205230713,90,DC,Zenit St. Petersburg,Anzhi Makhachkala,5,0,2019-04-14,9127,2018,324898,0.040269698947668076,0,1,1,0.46999800205230713,1.2985299825668335,1.2985299825668335
0,0,0,90,DC,Lokomotiv Moscow,Zenit St. Petersburg,1,1,2019-04-07,9119,2018,323363,0,0,0,0,0,0.027642499655485153,0.027642499655485153
0,1,0.04829910025000572,90,DC,Zenit St. Petersburg,FC Orenburg,3,1,2019-03-31,9110,2018,318971,0,0,0,0,0.04829910025000572,0.06428070366382599,0.06428070366382599
0,0,0,90,DC,Spartak Moscow,Zenit St. Petersburg,1,1,2019-03-17,9102,2018,317076,0,0,0,0,0,0,0
0,0,0,90,DC,Zenit St. Petersburg,FC Ufa,2,1,2019-03-10,9093,2018,315790,0,0,0,0,0,0.10576599836349487,0.10576599836349487
0,0,0,90,DC,Ural,Zenit St. Petersburg,0,1,2019-03-02,9085,2018,301624,0,0,0,0,0,0.14797699451446533,0.14797699451446533
0,1,0.09721679985523224,90,DC,Zenit St. Petersburg,Rubin Kazan,1,2,2018-12-09,9077,2018,290823,0,0,0,0,0.09721679985523224,0,0
0,0,0,90,DC,Arsenal Tula,Zenit St. Petersburg,4,2,2018-12-03,9068,2018,291027,0,0,0,0,0,0.6083170175552368,0.6083170175552368
0,0,0,90,DC,Zenit St. Petersburg,FC Rostov,2,0,2018-11-25,9058,2018,272146,0,0,0,0,0,0.3727479875087738,0.3727479875087738
0,2,0.02508240006864071,90,DR,CSKA Moscow,Zenit St. Petersburg,2,0,2018-11-11,9053,2018,266750,0.034552499651908875,0,1,0,0.02508240006864071,0.31493300199508667,0.255297988653183
0,0,0,90,DR,Zenit St. Petersburg,FK Akhmat,1,0,2018-11-04,9048,2018,264883,0,0,0,0,0,0.32223400473594666,0.32223400473594666
0,0,0,90,DR,Krylya Sovetov Samara,Zenit St. Petersburg,0,1,2018-10-29,9033,2018,264486,0.02695309929549694,0,2,0,0,0,0
0,1,0.008336069993674755,90,DC,Dinamo Moscow,Zenit St. Petersburg,1,0,2018-10-21,9029,2018,264460,0.1629199981689453,0,3,0,0.008336069993674755,0.1629199981689453,0
0,1,0.014523900113999844,90,DC,Zenit St. Petersburg,FC Krasnodar,2,1,2018-10-07,9024,2018,256802,0.13667799532413483,0,1,0,0.014523900113999844,0.2985079884529114,0.2985079884529114
0,2,0.17844299972057343,90,DC,Anzhi Makhachkala,Zenit St. Petersburg,2,1,2018-09-30,9010,2018,256569,0,0,0,0,0.17844299972057343,0.014429200440645218,0.014429200440645218
0,1,0.05117600038647652,90,DC,Zenit St. Petersburg,Lokomotiv Moscow,5,3,2018-09-23,9007,2018,252638,0,0,0,0,0.05117600038647652,0.1448799967765808,0.1448799967765808
0,0,0,90,DC,FC Orenburg,Zenit St. Petersburg,1,2,2018-09-16,8999,2018,252845,0,0,0,0,0,0.07306250184774399,0.07306250184774399
0,0,0,90,DC,Zenit St. Petersburg,Spartak Moscow,0,0,2018-09-02,8991,2018,248245,0,0,0,0,0,0.08055999875068665,0.08055999875068665
0,2,0.4066239893436432,90,DC,FC Ufa,Zenit St. Petersburg,0,2,2018-08-26,8982,2018,248008,0,0,0,0,0.4066239893436432,0.6025679707527161,0.6025679707527161
0,1,0.11103399842977524,90,DC,Zenit St. Petersburg,Ural,4,1,2018-08-19,8974,2018,244564,0,0,0,0,0.11103399842977524,0.08354940265417099,0.08354940265417099
0,1,0.01081290002912283,90,DC,Rubin Kazan,Zenit St. Petersburg,0,1,2018-08-13,8967,2018,244328,0,0,0,0,0.01081290002912283,0,0
0,0,0,90,DC,Zenit St. Petersburg,Arsenal Tula,1,0,2018-08-04,8955,2018,244149,0,0,0,0,0,0.08234179764986038,0.08234179764986038
0,1,0.11823999881744385,90,DC,FC Yenisey Krasnoyarsk,Zenit St. Petersburg,0,2,2018-07-29,8948,2018,243917,0,0,0,0,0.11823999881744385,0.21396900713443756,0.21396900713443756
0,0,0,17,DC,Zenit St. Petersburg,CSKA Moscow,0,0,2018-04-29,6692,2017,236520,0,0,0,0,0,0,0
0,0,0,90,DR,Arsenal Tula,Zenit St. Petersburg,3,3,2018-04-22,6684,2017,234750,0.044100601226091385,0,1,0,0,0.44815200567245483,0.4040510058403015
0,1,0.10501900315284729,90,DR,Zenit St. Petersburg,Dinamo Moscow,2,1,2018-04-18,6651,2017,233401,0,0,0,0,0.10501900315284729,0.20875899493694305,0.20875899493694305
0,2,0.35230499505996704,90,DC,Zenit St. Petersburg,Anzhi Makhachkala,1,0,2018-04-14,6669,2017,231874,0,0,0,0,0.35230499505996704,0.15232700109481812,0.15232700109481812
0,2,0.27310699224472046,90,DC,Zenit St. Petersburg,FC Krasnodar,1,2,2018-04-07,6668,2017,230050,0.013768600299954414,0,1,0,0.27310699224472046,0.164669007062912,0.164669007062912
1,2,0.0719757005572319,90,DR,FC Ufa,Zenit St. Petersburg,1,2,2018-04-01,6659,2017,226820,0,0,0,1,0.0719757005572319,0.015865400433540344,0
0,0,0,90,DC,FC Rostov,Zenit St. Petersburg,0,0,2018-03-11,6643,2017,222861,0,0,0,0,0,0,0
0,0,0,90,DC,Zenit St. Petersburg,Amkar,0,0,2018-03-03,6630,2017,220719,0,0,0,0,0,0.06502469629049301,0.06502469629049301
0,1,0.08544030040502548,90,DC,FK Akhmat,Zenit St. Petersburg,0,0,2017-12-11,6625,2017,198037,0,0,0,0,0.08544030040502548,0.00766712985932827,0.00766712985932827
0,1,0.017198799178004265,90,DC,Zenit St. Petersburg,Ural,2,1,2017-12-02,6617,2017,175274,0.06404449790716171,0,1,0,0.017198799178004265,0.8523359894752502,0.7882919907569885
0,0,0,90,DC,Spartak Moscow,Zenit St. Petersburg,3,1,2017-11-27,6608,2017,174602,0.06187580153346062,0,1,0,0,0.04378269985318184,0.04378269985318184
1,1,0.211667001247406,90,DC,Zenit St. Petersburg,Tosno,5,0,2017-11-19,6599,2017,175135,0,0,0,1,0.211667001247406,0.220443993806839,0.220443993806839
0,4,0.3063429892063141,90,DC,Rubin Kazan,Zenit St. Petersburg,0,0,2017-11-05,6591,2017,174573,0,0,0,0,0.3063429892063141,0.056072600185871124,0.056072600185871124
0,1,0.03250909969210625,90,DR,Zenit St. Petersburg,Lokomotiv Moscow,0,3,2017-10-29,6582,2017,174942,0.04426499828696251,0,1,0,0.03250909969210625,0.11125800013542175,0.03448360040783882
0,0,0,90,DR,CSKA Moscow,Zenit St. Petersburg,0,0,2017-10-22,6580,2017,174789,0,0,0,0,0,0.5184170007705688,0.5184170007705688
0,1,0.010116499848663807,90,DC,Zenit St. Petersburg,Arsenal Tula,0,1,2017-10-15,6572,2017,175245,0.025513900443911552,0,1,0,0.010116499848663807,0.2101300060749054,0.1745000034570694
0,1,0.0958779975771904,90,DR,Anzhi Makhachkala,Zenit St. Petersburg,2,2,2017-10-01,6557,2017,173915,0.06880869716405869,0,2,0,0.0958779975771904,0.5550280213356018,0.39034101366996765
0,1,0.042945899069309235,90,DR,FC Krasnodar,Zenit St. Petersburg,0,2,2017-09-24,6555,2017,173861,0.0486845001578331,1,1,0,0.042945899069309235,0.10900799930095673,0.017377499490976334
0,1,0.4984090030193329,90,DC,Zenit St. Petersburg,FC Ufa,3,0,2017-09-18,6548,2017,173439,0.15417499840259552,0,2,0,0.4984090030193329,0.4984250068664551,0.40121200680732727
0,0,0,90,DC,Dinamo Moscow,Zenit St. Petersburg,0,0,2017-09-10,6540,2017,174110,0.043158598244190216,0,1,0,0,0.06749369949102402,0.024335099384188652
0,0,0,90,DC,Zenit St. Petersburg,FC Rostov,0,0,2017-08-27,6531,2017,173657,0,0,0,0,0,0.15252099931240082,0.15252099931240082
0,0,0,90,DC,Amkar,Zenit St. Petersburg,0,1,2017-08-20,6521,2017,172844,0.03828499838709831,0,1,0,0,0.5328599810600281,0.5328599810600281
0,2,0.057898301631212234,90,DC,Zenit St. Petersburg,FK Akhmat,4,0,2017-08-13,6514,2017,172607,0,0,0,0,0.057898301631212234,0.8796070218086243,0.8796070218086243
0,0,0,90,DC,Zenit St. Petersburg,Spartak Moscow,5,1,2017-08-06,6499,2017,172360,0,0,0,0,0,0,0
0,1,0.1160300001502037,90,DC,Tosno,Zenit St. Petersburg,0,1,2017-07-30,6491,2017,172126,0,0,0,0,0.1160300001502037,0.5363289713859558,0.5363289713859558
0,1,0.06520140171051025,90,DC,Zenit St. Petersburg,Rubin Kazan,2,1,2017-07-22,6475,2017,171891,0.013282000087201595,0,1,0,0.06520140171051025,0.12618300318717957,0.06098189949989319
0,0,0,90,DC,SKA-Khabarovsk,Zenit St. Petersburg,0,2,2017-07-16,6468,2017,171684,0,0,0,0,0,0.1169309988617897,0.1169309988617897
0,2,0.15181800723075867,90,DC,Krylya Sovetov Samara,Zenit St. Petersburg,1,3,2017-05-13,4375,2016,138105,0.09980259835720062,0,1,0,0.15181800723075867,0.4468109905719757,0.34700798988342285
0,0,0,90,DC,Zenit St. Petersburg,FK Akhmat,0,1,2017-05-07,4373,2016,137653,0,0,0,0,0,0.20189900696277618,0.20189900696277618
0,0,0,90,DC,Tom Tomsk,Zenit St. Petersburg,0,2,2017-05-01,4360,2016,138242,0,0,0,0,0,0.17162099480628967,0.17162099480628967
0,0,0,90,DC,FC Orenburg,Zenit St. Petersburg,0,1,2017-04-26,4352,2016,137207,0,0,0,0,0,0.2858960032463074,0.2858960032463074
1,1,0.7450720071792603,90,DC,Zenit St. Petersburg,Ural,2,0,2017-04-22,4343,2016,137790,0,0,0,1,0.7450720071792603,0.20645299553871155,0.20645299553871155
0,0,0,90,DC,Spartak Moscow,Zenit St. Petersburg,2,1,2017-04-16,4335,2016,140411,0,0,0,0,0,0.5577430129051208,0.5577430129051208
0,0,0,90,DC,Zenit St. Petersburg,Anzhi Makhachkala,1,1,2017-04-08,4327,2016,136945,0,0,0,0,0,0.036500900983810425,0.036500900983810425
0,0,0,90,DC,Rubin Kazan,Zenit St. Petersburg,0,2,2017-04-02,4325,2016,136657,0,0,0,0,0,0.19947999715805054,0.19947999715805054
0,1,0.015034699812531471,90,DC,Zenit St. Petersburg,Arsenal Tula,2,0,2017-03-19,4318,2016,136252,0.010365700349211693,0,1,0,0.015034699812531471,0.12379500269889832,0.12379500269889832
0,0,0,17,Sub,Amkar,Zenit St. Petersburg,1,0,2017-03-12,4303,2016,136414,0,0,0,0,0,0,0
0,0,0,7,Sub,Chelsea,Stoke,4,2,2016-12-31,3158,2016,130229,0,0,0,0,0,0,0
0,0,0,9,Sub,Crystal Palace,Chelsea,0,1,2016-12-17,3135,2016,131678,0,0,0,0,0,0,0
0,0,0,1,Sub,Sunderland,Chelsea,0,1,2016-12-14,3128,2016,130816,0,0,0,0,0,0,0
0,0,0,10,Sub,Chelsea,West Bromwich Albion,1,0,2016-12-11,3121,2016,129709,0,0,0,0,0,0.1483519971370697,0.1483519971370697
0,0,0,8,Sub,Chelsea,Tottenham,2,1,2016-11-26,2712,2016,129182,0,0,0,0,0,0,0
0,0,0,1,Sub,Middlesbrough,Chelsea,0,1,2016-11-20,2705,2016,128452,0,0,0,0,0,0,0
0,0,0,2,Sub,Southampton,Chelsea,0,2,2016-10-30,2685,2016,127763,0,0,0,0,0,0.090147003531456,0.090147003531456
0,1,0.010125200264155865,90,DR,Arsenal,Chelsea,3,0,2016-09-24,518,2016,126537,0,0,0,0,0.010125200264155865,0.1586029976606369,0.1586029976606369
0,1,0.06532260030508041,90,DR,Chelsea,Liverpool,1,2,2016-09-16,501,2016,126246,0.06424269825220108,0,1,0,0.06532260030508041,0.8074589967727661,0.8074589967727661
0,2,0.12244199961423874,90,DR,Swansea,Chelsea,2,2,2016-09-11,499,2016,126204,0.06334400177001953,0,1,0,0.12244199961423874,0.10583800077438354,0
0,1,0.015110500156879425,90,DR,Chelsea,Burnley,3,0,2016-08-27,485,2016,125690,0,0,0,0,0.015110500156879425,0.9627190232276917,0.947609007358551
0,0,0,90,DR,Watford,Chelsea,1,2,2016-08-20,476,2016,125620,0,0,0,0,0,0,0
0,2,0.11107700318098068,90,DR,Chelsea,West Ham,2,1,2016-08-15,470,2016,124950,0.05825519934296608,0,1,0,0.11107700318098068,0.1726049929857254,0.11434999853372574
0,0,0,61,DC,Chelsea,Leicester,1,1,2016-05-15,452,2015,57662,0,0,0,0,0,0.25758999586105347,0.25758999586105347
0,0,0,71,DR,Sunderland,Chelsea,3,2,2016-05-07,442,2015,62765,0,0,0,0,0,0.5292320251464844,0.5292320251464844
0,1,0.02126150019466877,90,DR,Chelsea,Tottenham,2,2,2016-05-02,436,2015,62944,0.044337499886751175,0,1,0,0.02126150019466877,0.0660431981086731,0.02170580066740513
0,1,0.05055969953536987,90,DC,Bournemouth,Chelsea,1,4,2016-04-23,422,2015,63178,0,0,0,0,0.05055969953536987,1.1408900022506714,1.1408900022506714
0,0,0,90,DC,Chelsea,Manchester City,0,3,2016-04-16,410,2015,62257,0,0,0,0,0,0.015174100175499916,0.015174100175499916
0,0,0,90,DC,Swansea,Chelsea,1,0,2016-04-09,397,2015,67259,0,0,0,0,0,0.1027740016579628,0.1027740016579628
0,1,0.03237669914960861,90,DC,Aston Villa,Chelsea,0,4,2016-04-02,384,2015,67315,0,0,0,0,0.03237669914960861,0.1720370054244995,0.1720370054244995
0,1,0.04270460084080696,90,DR,Chelsea,West Ham,2,2,2016-03-19,376,2015,66086,0.12428300082683563,0,1,0,0.04270460084080696,0.19356299936771393,0.06927970051765442
0,0,0,90,DC,Chelsea,Stoke,1,1,2016-03-05,362,2015,65726,0,0,0,0,0,0.03297809883952141,0.03297809883952141
0,0,0,90,DC,Norwich,Chelsea,1,2,2016-03-01,353,2015,67120,0,0,0,0,0,0,0
1,1,0.03579980134963989,90,DC,Southampton,Chelsea,1,2,2016-02-27,344,2015,66018,0,0,0,1,0.03579980134963989,0.03945570066571236,0.03945570066571236
0,2,0.13382600247859955,90,DR,Chelsea,Newcastle United,5,1,2016-02-13,337,2015,60852,0,0,0,0,0.13382600247859955,0.11817199736833572,0
0,1,0.051034700125455856,90,DR,Chelsea,Manchester United,1,1,2016-02-07,330,2015,61952,0,0,0,0,0.051034700125455856,0.1569959968328476,0.10596100240945816
0,1,0.398501992225647,90,DR,Watford,Chelsea,0,0,2016-02-03,320,2015,60069,0.017203299328684807,0,1,0,0.398501992225647,0.48202499747276306,0.06632000207901001
0,1,0.02026420086622238,90,DR,Arsenal,Chelsea,0,1,2016-01-24,310,2015,59410,0.5911080241203308,1,1,0,0.02026420086622238,0.5911080241203308,0
0,0,0,90,DR,Chelsea,Everton,3,3,2016-01-16,295,2015,61896,0.07590849697589874,0,1,0,0,1.2217999696731567,1.2217999696731567
0,0,0,90,DR,Chelsea,West Bromwich Albion,2,2,2016-01-13,287,2015,59973,0.6614530086517334,1,1,0,0,0.8569790124893188,0.8569790124893188
0,0,0,90,DR,Crystal Palace,Chelsea,0,3,2016-01-03,279,2015,61032,0,0,0,0,0,0.42991700768470764,0.42991700768470764
0,0,0,90,DR,Manchester United,Chelsea,0,0,2015-12-28,267,2015,59104,0,0,0,0,0,0.013573099859058857,0.013573099859058857
0,2,0.06757300347089767,90,DR,Chelsea,Watford,2,2,2015-12-26,256,2015,60000,0.1827480047941208,0,2,0,0.06757300347089767,0.7108319997787476,0.6910189986228943
1,2,0.07575629651546478,90,DR,Chelsea,Sunderland,3,1,2015-12-19,244,2015,61645,0,0,0,1,0.07575629651546478,0.2343589961528778,0.2343589961528778
0,2,0.9541599750518799,90,DR,Leicester,Chelsea,2,1,2015-12-15,240,2015,59629,0,0,0,0,0.9541599750518799,0.6556190252304077,0.6556190252304077
0,1,0.015196200460195541,90,DR,Chelsea,Bournemouth,0,1,2015-12-05,228,2015,59533,0.06592729687690735,0,1,0,0.015196200460195541,0.24326500296592712,0.16214199364185333
0,0,0,90,DR,Tottenham,Chelsea,0,0,2015-11-29,217,2015,58721,0.058540500700473785,0,1,0,0,0.25776299834251404,0.19922299683094025
0,0,0,90,DR,Chelsea,Norwich,1,0,2015-11-21,207,2015,59035,0,0,0,0,0,0.2363329976797104,0.2363329976797104
0,0,0,90,DR,Chelsea,Southampton,1,3,2015-10-03,157,2015,64736,0,0,0,0,0,0.03040429949760437,0.03040429949760437
0,1,0.039677198976278305,90,DR,Newcastle United,Chelsea,2,2,2015-09-26,148,2015,64471,0.1323239952325821,0,1,0,0.039677198976278305,0.22967900335788727,0.22967900335788727
0,2,0.02941730059683323,90,DR,Chelsea,Arsenal,2,0,2015-09-19,131,2015,64155,0,0,0,0,0.02941730059683323,0.8560929894447327,0.8266749978065491
0,1,0.1023159995675087,90,DR,Everton,Chelsea,3,1,2015-09-12,121,2015,63890,0.013807999901473522,0,1,0,0.1023159995675087,0.07671389728784561,0.06290580332279205
0,3,0.11666300147771835,90,DR,Chelsea,Crystal Palace,1,2,2015-08-29,115,2015,63492,0,0,0,0,0.11666300147771835,0.4060800075531006,0.39001500606536865
0,0,0,90,DR,West Bromwich Albion,Chelsea,2,3,2015-08-23,107,2015,63202,0,0,0,0,0,0.22200000286102295,0.22200000286102295
0,1,0.015697099268436432,90,DR,Manchester City,Chelsea,3,0,2015-08-16,99,2015,57455,0.03935319930315018,0,1,0,0.015697099268436432,0.10639899969100952,0.05134889855980873
0,3,0.1528100073337555,90,DR,Chelsea,Swansea,2,2,2015-08-08,86,2015,57137,0,0,0,0,0.1528100073337555,0.16337600350379944,0.13110299408435822
0,5,0.2525239884853363,90,DR,Chelsea,Sunderland,3,1,2015-05-24,4431,2014,25316,0.12720200419425964,0,1,0,0.2525239884853363,0.2727639973163605,0.1375879943370819
0,0,0,90,DR,West Bromwich Albion,Chelsea,3,0,2015-05-18,4428,2014,24454,0,0,0,0,0,0.2016019970178604,0.2016019970178604
0,0,0,90,DR,Chelsea,Liverpool,1,1,2015-05-10,4417,2014,23393,0,0,0,0,0,0.1299320012331009,0.1299320012331009
0,2,0.07924859970808029,90,DR,Chelsea,Crystal Palace,1,0,2015-05-03,4406,2014,23670,0.12273699790239334,0,2,0,0.07924859970808029,0.07897820323705673,0.047229599207639694
0,1,0.013129699975252151,90,DR,Leicester,Chelsea,1,3,2015-04-29,4479,2014,26260,0.1333409994840622,1,1,0,0.013129699975252151,0.38509899377822876,0.3719690144062042
0,0,0,90,DR,Arsenal,Chelsea,0,0,2015-04-26,4477,2014,24754,0,0,0,0,0,0,0
0,0,0,90,DR,Chelsea,Manchester United,1,0,2015-04-18,4465,2014,25480,0,0,0,0,0,0,0
0,2,0.07724740356206894,90,DR,Queens Park Rangers,Chelsea,0,1,2015-04-12,4458,2014,23517,0.4491960108280182,0,1,0,0.07724740356206894,0.4664979875087738,0
0,1,0.053999099880456924,90,DR,Chelsea,Stoke,2,1,2015-04-04,4446,2014,24191,0.0656203031539917,0,1,0,0.053999099880456924,0.8571180105209351,0.7914980053901672
0,0,0,90,DR,Hull,Chelsea,2,3,2015-03-22,4511,2014,24370,0,0,0,0,0,0.6089280247688293,0.6089280247688293
0,0,0,90,DR,Chelsea,Southampton,1,1,2015-03-15,4499,2014,25342,0.5794039964675903,1,2,0,0,0.6628779768943787,0.08347330242395401
0,1,0.06500670313835144,90,DR,West Ham,Chelsea,0,1,2015-03-04,4485,2014,23600,0,0,0,0,0.06500670313835144,0.9818350076675415,0.9168279767036438
1,3,0.867654025554657,90,DR,Chelsea,Burnley,1,1,2015-02-21,4536,2014,26743,0.292930006980896,0,2,1,0.867654025554657,0.9617890119552612,0.054297298192977905
0,2,0.03586740046739578,90,DR,Chelsea,Everton,1,0,2015-02-11,4529,2014,26302,0.0500405989587307,0,1,0,0.03586740046739578,0.23403699696063995,0.14812900125980377
1,2,0.14803799986839294,90,DR,Aston Villa,Chelsea,1,2,2015-02-07,4516,2014,27056,0,0,0,1,0.14803799986839294,0.595920979976654,0.539563000202179
0,0,0,90,DR,Chelsea,Manchester City,1,1,2015-01-31,4588,2014,22462,0,0,0,0,0,0.6427299976348877,0.6427299976348877
0,1,0.021731199696660042,90,DR,Swansea,Chelsea,0,5,2015-01-17,4575,2014,22040,1.0300400257110596,1,2,0,0.021731199696660042,1.4814300537109375,1.4214500188827515
0,0,0,90,DR,Chelsea,Newcastle United,2,0,2015-01-10,4565,2014,20338,0.30316999554634094,1,1,0,0,0.20807500183582306,0.20807500183582306
0,1,0.12660500407218933,90,DR,Tottenham,Chelsea,5,3,2015-01-01,4560,2014,22940,0.6519749760627747,1,2,0,0.12660500407218933,0.1488730013370514,0.13206499814987183
0,1,0.015473299659788609,90,DR,Southampton,Chelsea,1,1,2014-12-28,4640,2014,21792,0,0,0,0,0.015473299659788609,0.2589159905910492,0.24344299733638763
0,1,0.06046159937977791,90,DR,Chelsea,West Ham,2,0,2014-12-26,4629,2014,22763,0.23271700739860535,0,2,0,0.06046159937977791,0.8387809991836548,0.545602023601532
0,2,0.07744590193033218,90,DR,Stoke,Chelsea,0,2,2014-12-22,4628,2014,22281,0.06311489641666412,0,1,0,0.07744590193033218,0.27087900042533875,0.2423499971628189
0,1,0.031439799815416336,90,DR,Chelsea,Hull,2,0,2014-12-13,4610,2014,20607,0.11179500073194504,0,1,0,0.031439799815416336,0.1432349979877472,0.11179500073194504
0,2,0.12706699967384338,90,DR,Newcastle United,Chelsea,2,1,2014-12-06,4599,2014,22967,0.07936429977416992,0,1,0,0.12706699967384338,0.5189239978790283,0.3124929964542389
0,0,0,90,DR,Chelsea,Tottenham,3,0,2014-12-03,4595,2014,22406,0,0,0,0,0,0.5045509934425354,0.5045509934425354
0,1,0.04899359866976738,90,DR,Sunderland,Chelsea,0,0,2014-11-29,4686,2014,21116,0.018963400274515152,0,1,0,0.04899359866976738,0.2191780060529709,0.17018499970436096
0,1,0.04593899846076965,90,DR,Chelsea,West Bromwich Albion,2,0,2014-11-22,4674,2014,19014,0.04165409877896309,0,2,0,0.04593899846076965,0.09630180150270462,0.08195389807224274
0,0,0,90,DR,Liverpool,Chelsea,1,2,2014-11-08,4659,2014,19221,0,0,0,0,0,0,0
0,1,0.5579890012741089,90,DR,Chelsea,Queens Park Rangers,2,1,2014-11-01,4653,2014,19735,0,0,0,0,0.5579890012741089,0.8871210217475891,0.32913199067115784
0,1,0.05349760130047798,90,DR,Manchester United,Chelsea,1,1,2014-10-26,4717,2014,20241,0,0,0,0,0.05349760130047798,0.05349760130047798,0.05349760130047798
0,0,0,90,DR,Crystal Palace,Chelsea,1,2,2014-10-18,4702,2014,18946,0,0,0,0,0,0.3882000148296356,0.3882000148296356
0,0,0,90,DR,Chelsea,Arsenal,2,0,2014-10-05,4697,2014,19431,0,0,0,0,0,0.3033759891986847,0.3033759891986847
0,1,0.03798979893326759,90,DR,Chelsea,Aston Villa,3,0,2014-09-27,4742,2014,18437,0.12431000173091888,0,2,0,0.03798979893326759,0.3782140016555786,0.30615800619125366
0,0,0,90,DR,Manchester City,Chelsea,1,1,2014-09-21,4737,2014,18259,0,0,0,0,0,0.6522250175476074,0.6522250175476074
0,3,0.2731510102748871,90,DR,Chelsea,Swansea,4,2,2014-09-13,4720,2014,17884,0.42895999550819397,0,6,0,0.2731510102748871,0.8880959749221802,0.525846004486084
1,3,0.5477240085601807,90,DR,Everton,Chelsea,3,6,2014-08-30,4775,2014,17647,0,0,0,1,0.5477240085601807,0.46515798568725586,0
0,3,0.08733200281858444,90,DR,Chelsea,Leicester,2,0,2014-08-23,4760,2014,17328,0.36380699276924133,0,2,0,0.08733200281858444,0.5422350168228149,0.12738600373268127
1,2,0.6645569801330566,90,DR,Burnley,Chelsea,1,3,2014-08-18,4758,2014,17067,0.04540659859776497,0,1,1,0.6645569801330566,0.6948360204696655,0.6494290232658386
